username,instagram_url,skool_url,follower_count,avg_views,bio,link_in_bio,niche,source,filter_reason
heatherblankenshipx3,https://www.instagram.com/heatherblankenshipx3/,,170333,518796,🚋 RE Investor: RV Parks & Glamping ♥️ Founder of The Society of Entrepreneurial Women  👩‍💼Join my Women's Mastermind ⤵️,https://linktr.ee/heatherblankenship,Section 8 rental investing,apify,Founder of educational mastermind community teaching real estate investing strategies
maximiliandier,https://www.instagram.com/maximiliandier/,https://www.skool.com/wholesailors,158609,168798,🏘 The Wholesale Pirate  💰 $1M+ | 250+ Deals | 27 yo 🏴‍☠️ Sell Your Deal at MaxDispo.com  👇 Join Wholesailors Academy,https://skool.com/wholesailors,wholesale real estate,skool,runs Wholesailors Academy teaching wholesale real estate with documented deal experience
jennapeterson,https://www.instagram.com/jennapeterson/,,131214,22781,CEO | Multi 7 Figure Brand Retired my hubby so we could do life together Walked away from “more” for peace 🏠 Helping coaches scale to $50k+ months⭣,https://stan.store/jennapeterson,SMMA/agency building,instagram_profiles,Practitioner-turned-educator helping coaches scale to $50k+ months with paid program
theericcline,https://www.instagram.com/theericcline/,,109276,69177,KING 👑 Of Virtual Wholesale Real Estate  Owner - Run It Remote (#1 Cold Callers in the GAME) DM “RUNIT”To Secure a Cold Caller “I MAKE WHOLESALING EZ”,https://youtube.com/@ericclineofficial?si=vp11sBVa9ly6sxNt,wholesale real estate,"google, instagram_profiles",teaches virtual wholesale real estate system and cold calling methodology
garrettrealestate,https://www.instagram.com/garrettrealestate/,,87542,42221,🏡 Wholesale Mentor👨‍🎓DM me “start”🏡 📲 Lead Gen ➡️ @qualitycoldcallers 📞 👨‍🎓Students closed 10M+ Assignments👨‍🎓,http://qualitycoldcallers.com,wholesale real estate,instagram_profiles,wholesale mentor with documented student results (10M+ assignments closed)
shemeanssocial,https://www.instagram.com/shemeanssocial/,,85313,8808,Helping SMMs+ freelancers build income online 🫶 From freelancer → creator-founder 🎓 2500+ students @socialmediamanagerschool 👇🏼Start here,https://linktr.ee/shemeanssocialbykiya,SMMA/agency building,instagram_profiles,Teaches social media management and freelancer-to-founder journey; runs Social Media Managers School with 2500+ students
realestatedoctor_,https://www.instagram.com/realestatedoctor_/,,73108,45820,"Jay Walsh | Real Estate Doctor & Mindset Coach 🏡+8k properties SOLD 🧠Daily tips and strategies for success 👇You grow, I earn or you pay $0. Apply now!",https://linktr.ee/realestatedoctor_info,wholesale real estate,instagram_profiles,Practitioner with 8k+ property sales experience offering paid real estate coaching program
realestateinvestingschool,https://www.instagram.com/realestateinvestingschool/,,70190,159435,📈 Start and Scale w/ a 1on1 Real Estate Coach! 💰Step-by-Step to PASSIVE 6-Figure Income. 🏡 Register: K2O Virtual Summit FREE 👇🏼,http://knockdoorstoowndoors.com,Section 8 rental investing,instagram_profiles,Offers 1-on-1 real estate coaching and scalable system to build passive income
harrythomas_smma,https://www.instagram.com/harrythomas_smma/,,68058,,👨‍💻 Google IG FB Ads 💵 Working With 6 | 7 | 8 Figure Brands  💻 Affiliate Marketing Business Owner  📈 Sales Coach | E-commerce Consultant,https://harrythomas.my.canva.site/,SMMA/agency building,instagram_profiles,"Teaches Google, Instagram, Facebook ads and sales coaching to brands; fits agency/SMMA coaching niche"
sellerupacademy,https://www.instagram.com/sellerupacademy/,,60737,4463,"🌟 #1 Indonesian Amazon FBA Community with 1600+ Students 💰 Helping you Export, Sell Globally & Earn USD 🌎 Work Anywhere, Anytime Link below to join!",https://s.mtrbio.com/sellerup-academy,Amazon FBA,"google, instagram_profiles",Educator running Amazon FBA community with 1600+ students teaching export and global selling
roythecloser,https://www.instagram.com/roythecloser/,,56757,41304,"Helping you FIRE your boss, scale, & build wealth through Digital Real Estate, the future of 🏚️ investing  🇺🇸 Get your 6-figure escape plan 👇",https://certifiedclosers.net/free-training,wholesale real estate,instagram_profiles,teaches digital real estate investing system with structured training program
amazonfbalikeaboss,https://www.instagram.com/amazonfbalikeaboss/,,45566,2509,🚀 Trained 2000+ people (Amazon FBA) 💰 Build A Halal Business From Home  📦 Generated 5M in sales   💯 100% Success Rate  👉 DM word ‘FBA’ to learn how ⤵️,https://wa.me/107798898901?countryName=US&countryCode=1&phoneNumber=07798898901,Amazon FBA,"google, instagram_profiles",Practitioner-turned-educator teaching Amazon FBA with 2000+ trained students and $5M sales proof
itssuzycrawford,https://www.instagram.com/itssuzycrawford/,,43305,3958,🚀I help freelancers & agencies hit $20K+ months 💜Creator of Freelancer to CEO & The Al Agency Suite 👇 Apply to work with me 👇,https://go.suzycrawford.com/grow-1,SMMA/agency building,instagram_profiles,"Teaches freelancers and agencies to scale to $20K+ months; creator of coaching programs (Freelancer to CEO, AI Agency Suite)"
laratechsales,https://www.instagram.com/laratechsales/,,36899,2569,Corporate lawyer | #1 female tech sales coach Helped 500+ land £65k-£85k/yr remote tech sales jobs with 0 experience  Book a free call👇,https://linktr.ee/laratechsales,tech sales coaching,"google, instagram_profiles",corporate lawyer turned #1 female tech sales coach helping 500+ land tech sales roles
cajunventvres,https://www.instagram.com/cajunventvres/,,22555,2318,"💻 I help you start & grow your Amazon business  👩 Waitress 👉 5M Amazon Seller 💰 Amazon FBA - Reselling, Private Label, & Wholesale  ⤵️ Free Training",http://www.cajunventuresmo.com,Amazon FBA,instagram_profiles,"Former waitress turned $5M Amazon seller teaching FBA, reselling, private label, and wholesale"
transformrealestate,https://www.instagram.com/transformrealestate/,,20288,2568,Mentoring aspiring investors to start and scale on house flipping Founder of @transformflipperacademy  Learn from me👇,https://lnk.bio/transformrealestate,wholesale real estate,instagram_profiles,Mentors aspiring investors on house flipping; founder of Transform Flipper Academy
erikfisherofficial,https://www.instagram.com/erikfisherofficial/,,18459,1818,Follow @therealerikfisher  Tech sales reps earn $300k+ FREE training! 👇,http://bit.ly/4iHJC3H,tech sales coaching,instagram_profiles,offers FREE training program teaching tech sales reps to earn $300k+
chrisflipsland,https://www.instagram.com/chrisflipsland/,,17083,1681,💵 | I help beginners make 🍞 flipping dirt 💻 | $850K+ made flipping land ⛰️ | DM me ”LAND” to get started,http://chrisflipsland.com/open,land flipping,"google, instagram_profiles","teaches land flipping methodology with proven results ($850K+), offers coaching/program signup"
nigelscanvas,https://www.instagram.com/nigelscanvas/,,15814,1624,📈 nasdaq & tech sales coach @resumeplug 🇨🇴 ctg,https://stan.store/nigelscanvas,tech sales coaching,instagram_profiles,nasdaq & tech sales coach with paid community/coaching
zoeyberghoff,https://www.instagram.com/zoeyberghoff/,,14423,1614,🏕️ Helping you build lifestyle aligned real estate and unique STR stays for wealth & freedom 🎙️ Off Grid Pod & RNR Founder 👇🏼 Apply to RNR Mentorship,https://www.jotform.com/form/243606935215053,Section 8 rental investing,instagram_profiles,Educator teaching real estate investing and unique STR properties with paid mentorship program
oneupfba,https://www.instagram.com/oneupfba/,,12568,5214,📈Helping Sellers Scale With Wholesale  💰7 Figure Seller & 400+ Students Helped,,Amazon FBA,instagram_profiles,7-figure Amazon seller teaching wholesale and FBA to 400+ students
renzetheguru,https://www.instagram.com/renzetheguru/,,9809,5920,Break into tech sales → earn 6-figs 🌍 100+ success stories │ $20M+ SaaS closed Owner: @safegroundhomes | ATX 📍| 🇯🇲  👇 Begin your journey,https://renzetheguru.youcanbook.me,tech sales coaching,instagram_profiles,teaches break into tech sales with 100+ success stories and $20M+ SaaS closed
milantechsales,https://www.instagram.com/milantechsales/,,9773,3464,I help people get £65k-£85k+/yr tech sales jobs Ex Google  Already helped 500+ people land £65k-£85k tech sales jobs Book your free career call,https://linktr.ee/MilanTechSales,tech sales coaching,instagram_profiles,ex-Google employee coaching people into £65k-£85k tech sales jobs
